{"cameraMode":{"drawMode":0,"name":"Shaded","section":"Shading Mode"},"sceneLighting":true,"audioPlay":false,"sceneViewState":{"showFog":true,"showMaterialUpdate":false,"showSkybox":true,"showFlares":true,"showImageEffects":true,"showParticleSystems":true},"in2DMode":false,"pivot":{"x":-1.044278860092163,"y":1.8047198057174683,"z":0.01577627658843994},"rotation":{"x":-0.17394420504570008,"y":-0.026584874838590623,"z":0.004697644151747227,"w":-0.9843854308128357},"size":10.109021186828614,"orthographic":true}