{"cameraMode":{"drawMode":0,"name":"Shaded","section":"Shading Mode"},"sceneLighting":false,"audioPlay":false,"sceneViewState":{"showFog":true,"showMaterialUpdate":false,"showSkybox":false,"showFlares":true,"showImageEffects":true,"showParticleSystems":true},"in2DMode":false,"pivot":{"x":-1.044278860092163,"y":1.8047198057174683,"z":0.01577627658843994},"rotation":{"x":-0.30916574597358706,"y":-0.02139526605606079,"z":0.006957413628697395,"w":-0.9507420659065247},"size":12.460864067077637,"orthographic":true}